INSERT INTO state (state_code, state_name) VALUES
('AK','ALASKA'),
('AL','ALABAMA'),
('AR','ARKANSAS'),
('AS','AMERICAN SAMOA'),
('AZ','ARIZONA'),
('CA','CALIFORNIA'),
('CO','COLORADO'),
('CT','CONNECTICUT'),
('DC','DISTRICT OF COLUMBIA'),
('DE','DELAWARE'),
('FL','FLORIDA'),
('FM','FEDERATED STATES OF MICRONESIA'),
('GA','GEORGIA'),
('GU','GUAM'),
('HI','HAWAII'),
('IA','IOWA'),
('ID','IDAHO'),
('IL','ILLINOIS'),
('IN','INDIANA'),
('KS','KANSAS'),
('KY','KENTUCKY'),
('LA','LOUISIANA'),
('MA','MASSACHUSETTS'),
('MD','MARYLAND'),
('ME','MAINE'),
('MH','MARSHALL ISLANDS'),
('MI','MICHIGAN'),
('MN','MINNESOTA'),
('MO','MISSOURI'),
('MP','NORTHERN MARIANA ISLANDS'),
('MS','MISSISSIPPI'),
('MT','MONTANA'),
('NC','NORTH CAROLINA'),
('ND','NORTH DAKOTA'),
('NE','NEBRASKA'),
('NH','NEW HAMPSHIRE'),
('NJ','NEW JERSEY'),
('NM','NEW MEXICO'),
('NV','NEVADA'),
('NY','NEW YORK'),
('OH','OHIO'),
('OK','OKLAHOMA'),
('OR','OREGON'),
('PA','PENNSYLVANIA'),
('PR','PUERTO RICO'),
('PW','PALAU'),
('RI','RHODE ISLAND'),
('SC','SOUTH CAROLINA'),
('SD','SOUTH DAKOTA'),
('TN','TENNESSEE'),
('TX','TEXAS'),
('UT','UTAH'),
('VA','VIRGINIA'),
('VI','VIRGIN ISLANDS'),
('VT','VERMONT'),
('WA','WASHINGTON'),
('WI','WISCONSIN'),
('WV','WEST VIRGINIA'),
('WY','WYOMING')
ON CONFLICT DO NOTHING;

INSERT INTO category (cat_id, cat_description) VALUES
(1,'Romance'),
(2,'Comics'),
(3,'Programming'),
(4,'Database'),
(5,'Networking'),
(6,'Library Science'),
(7,'Science'),
(8,'Geography'),
(9,'Sports')
ON CONFLICT DO NOTHING;

INSERT INTO permrole (role_number, perm_role) VALUES
(1,'Guest'),
(2,'RegisteredUser'),
(3,'StoreOwner'),
(4,'Admin')
ON CONFLICT DO NOTHING;

INSERT INTO author (author_id, last_name, first_name, photo) VALUES
(1,'Machogeek','Hero',''),
(2,'Stratton','Bill',''),
(3,'Kennedy','Dan',''),
(4,'Sonstein','Jeff',''),
(5,'Troell','Luther',''),
(6,'Lutz','Peter',''),
(7,'Heartthrob','Danielle',''),
(8,'Lawley','Elizabeth',''),
(9,'Weeden','Elissa',''),
(10,'Johnson','Daryl',''),
(11,'Garrison','Dan',''),
(12,'Hartpence','Bruce',''),
(13,'Leone','James',''),
(14,'Phelps','Andrew',''),
(15,'Henderson','Tona',''),
(17,'Webguy','Smerdley',''),
(18,'Jacobs','Steve',''),
(19,'Niemi','Rayno',''),
(20,'Kang','Jai',''),
(21,'Perez-Hardy','Sylvia',''),
(22,'Mason','Sharon',''),
(23,'Perry','Ron',''),
(24,'Whittington','Keith',''),
(25,'Bierre','Kevin',''),
(26,'Holden','Ed',''),
(27,'Axelrod','Mike','')
ON CONFLICT DO NOTHING;

INSERT INTO reviewer (reviewer_id, name, employed_by) VALUES
(1,'Jacobs','Gadget Boy'),
(2,'Troell','Dallas Underground'),
(3,'Bills','The RIT Reporter'),
(4,'Hill','Microsoft News'),
(5,'Kurtz','MacIntosh News'),
(6,'Leone',NULL),
(7,'Doubleday','Media Mania'),
(8,'Wells','The RIT Reporter'),
(9,'Worthington','The Annex'),
(10,'Lawson','The Last Word'),
(11,'Lasky',NULL),
(12,'Rozanski',NULL),
(13,'Whittington','JAVA Rocks'),
(14,'Holden',NULL),
(15,'Stratton','Harvard Lampoon'),
(16,'Johnson','NRA Weekly'),
(17,'Mason','BMW Owners Quarterly'),
(18,'Goodman','MacIntosh News'),
(19,'Phelps','Detroit News'),
(20,'Yacci','The Learning Channel'),
(24,'Weeden','Scrye'),
(25,'McVea','Programming Central'),
(26,'Perez-Hardy','The Network Voice'),
(27,'Heartthrob','Journal of Romance'),
(28,'Bierre','JAVA Rocks'),
(29,'Axelrod','JAVA Rocks')
ON CONFLICT DO NOTHING;

INSERT INTO publisher (publisher_id, name, city, state_code) VALUES
(1,'CovertoCover Publishing','Rochester','NY'),
(2,'ReadMeFirst House of Publishing','New York','NY'),
(3,'TitlesRUs Book Company','Rochester','MN'),
(4,'ReadEmandWeep Romance Publishing','Chicago','IL'),
(5,'ScanALot Paperback Books','Chicago','IL'),
(6,'EZRead Masterpiece Comics','New York','NY'),
(7,'CumbersomeText Press','New York','NY'),
(8,'PrintingPress Magic','Rochester','NY'),
(9,'Guttenberg and Associates','Chicago','IL'),
(10,'ReadMeNext House of Publishing','New York','NY'),
(11,'ReadEmandSleep Publishing House','Hartford','CT'),
(12,'WebTime Publishing Incorporated','Boston','MA'),
(13,'The JAVA Press','San Francisco','CA')
ON CONFLICT DO NOTHING;

INSERT INTO users (user_id, last_name, first_name, phone_number, user_name, password, role_number) VALUES
(1001,'Owner','Aparna','(716) 555-1001','Aparna','$2a$10$ignE7XfDTzEMX/M8/JN.eOMtZGnZ/.qS6KT7nMPAI6yVwC3KZJNku',3),
(1002,'Owner','Moses','(716) 555-1002','Moses','$2a$10$ignE7XfDTzEMX/M8/JN.eOMtZGnZ/.qS6KT7nMPAI6yVwC3KZJNku',3),
(1003,'Owner','Sobika','(716) 555-1003','Sobika','$2a$10$ignE7XfDTzEMX/M8/JN.eOMtZGnZ/.qS6KT7nMPAI6yVwC3KZJNku',3),
(1004,'Owner','Janapriya','(716) 555-1004','Janapriya','$2a$10$ignE7XfDTzEMX/M8/JN.eOMtZGnZ/.qS6KT7nMPAI6yVwC3KZJNku',3),
(1005,'Owner','SwarnaLatha','(716) 555-1005','SwarnaLatha','$2a$10$ignE7XfDTzEMX/M8/JN.eOMtZGnZ/.qS6KT7nMPAI6yVwC3KZJNku',3),
(1000000,'Fribblestone','Gus','(717) 555-0975','GusBuster@arl.com','$2a$10$W14Chp/dW21Rk9MQ7Np7AuaZlDCmWBhklAe6713oxnIBbBacmpXUG',1),
(1000001,'Scott','Francis','(284) 555-4567','FranTheMan@arl.com','$2a$10$AY3L8HxlEjJFpXIFs0XoF.JgferiDG2HL0XzBRoZEpsGXKC22FvYq',1),
(1000002,'Corplestein','Leslie','(989) 555-4567','LesTheLass@hopmail.com','$2a$10$XG8PQpexH.R9G9jofBX2Te2wP/jQzSw44xpFt8vXAmIZscmV7mKzu',1),
(1000003,'Corplestein','Ira','(716) 555-4567','IraBeForever@maybe.com','$2a$10$tmh7qeIgsdbddf0z0.ogHuusrvFelLI7KFzmV/u/9spHUKxCX6.mG',1),
(1000004,'Francis','Scott','(210) 555-0840','scotty@wherever.com','$2a$10$X6HG7KOWVIQjSy67zQCPo./XnwQTNXSqQcZsbtoCUzXLfUZW8iiFe',1),
(1000005,'Ling','Wei','(347) 555-4567','wxl0101@rit.edu','$2a$10$wVt4uT58GDGnskYgCUeGWexugORYpMaQFQ5hgfTeQHdo/Phh4pp1.',1),
(1000006,'Burblemonger','Mary','(983) 555-8865','GerbilLover@hatmail.com','$2a$10$bKv.Iz696ceeX01tiJZUieiVVzAF1to6p9kVUqtsSdJbL0OnB1sxi',1),
(1000007,'Rabblewok','George','(223) 555-1989','ForRent@wherever.com','$2a$10$nqS3OgYoPoy8gvXKdgonB.RZ4Yc5zNEu80Oh6c.tJTbSRSu2UHpmG',1),
(1000008,'Tripplewander','Martha','(716) 555-2877','TakeMeFirst@quicksend.com','$2a$10$4tW5HvojLQT/gewglqaJfO.Np8PiYSmdDtS7op1mQSLhdsElMFRvW',1),
(1000009,'Lumberworker','George','(882) 555-5977','RachetMan@toolbox.net','$2a$10$wugXNBRCks/KkJGktAzx9OZ09suXTuaszvC789SypOYmgxE8YVmda',1),
(1000010,'Ferblemander','Frederick','(315) 555-6778','FerbieTheGreat@webSent.net','$2a$10$lu3YNhb.Wy5PeZXyH2WnSuGDzs6xIP4zItmT292jh6zPAtFnjaPMW',1),
(1000011,'Ribblemaze','Ronda','(716) 555-2443','RibbleIsHere@webSent.net','$2a$10$YHEXluuyIc/g3biVXhSHfeB9K0o/pEb2lw74VI5i74NeeYj99Ixdq',1),
(1000012,'Thunderbird','Manager','(828) 555-2443','thunderbird@mail.net','$2a$10$ignE7XfDTzEMX/M8/JN.eOMtZGnZ/.qS6KT7nMPAI6yVwC3KZJNku',2),
(1000013,'Discord','Manager','(664) 555-2443','discord@cats.net','$2a$10$ignE7XfDTzEMX/M8/JN.eOMtZGnZ/.qS6KT7nMPAI6yVwC3KZJNku',3),
(1000014,'Slack','Manager','(593) 555-2443','slack@aol.net','$2a$10$ignE7XfDTzEMX/M8/JN.eOMtZGnZ/.qS6KT7nMPAI6yVwC3KZJNku',4)
ON CONFLICT DO NOTHING;

INSERT INTO bookcondition (ranks, description, full_description, price) VALUES
(1,'Bad','Not much is left of the book. Parts are not legible, cover may be missing.',5.00),
(2,'Poor','Pages may be missing. Many pages may be marked.',10.00),
(3,'Average','Less than 3 pages missing. Small markings. Cover intact.',15.00),
(4,'Good','No pages missing, may be marked on less than 5 pages, not obscuring text or diagrams. Cover is in good condition',20.00),
(5,'Excellent','Like new.',25.00),
(6,'New','Brand new.',30.00)
ON CONFLICT DO NOTHING;

INSERT INTO book (isbn, title, description, cat_id, edition, publisher_id) VALUES
('1-111-11111-4','Women are From Venus ORACLE is from Beyond Pluto','New York Times Best Seller 27 weeks',1,'4',1),
('1-222-32443-7','Calculus for Phys Ed Majors','Carry our 200 lb text book: learn integrals and keep in Shape',7,'3',7),
('1-295-84547-1','My Love''s Last Longing','Volume 1 of 4',1,'1',4),
('1-533-73363-8','From the Shores of Lake Erie to IT','One man''s Journey to IT',8,'2',1),
('1-559-68777-1','My Love''s Last Lingering Lost','Volume 2 of 4',1,'1',4),
('1-932-87447-6','The Science of Literature Searching','A Book Worth a Look is Worth a Good Look Up',6,'1',5),
('2-089-77869-5','Yes! Networking is for Bills Fans','How to Use a Spanning Tree to Exit Rich Stadium',9,'1',8),
('2-122-29058-5','How to Keep your Cellular Bill Down','How to carry 500 Miles of Fiber in Your Wallet',5,'2',2),
('2-221-11341-5','Tired of wired? Infrared instead!','500 Ways to pull out your hair while pulling out all your cable',5,'1',2),
('3-444-95595-4','ER, SOM, NF, DK/NF, SQL, JDBC, ODBC, and RELVAR','How U can avoid being trapped in Database acronyms',4,'1',3),
('3-445-43341-2','Master Wireless Through The Classic Comics','Infrared man triumphs over Cable Guy and CoAx NastyMan',2,'1',6),
('3-445-58668-5','How to Keep your Cable Bill Down','How to Avoid Tripping on 500 Miles of Fiber in your wallet',5,'1',10),
('4-344-22221-1','I Lasted my Love''s Last Lingering Longing','Volume 3 of 4',1,'2',4),
('4-668-39283-8','From Deep in the Heart of Texas to IT','One man''s Journey to IT',8,'1',1),
('5-538-55746-1','My Lost Love''s Long Last Lingering','Volume 4 of 4',1,'1',4),
('6-449-68668-8','From Brockport to IT','Prof. Johnson''s Journey to IT (about 25 min via 490)',8,'1',1),
('7-999-14432-2','Master HTML Through The Classic Comics','Using his Super Web thrower, Spiderman creates HTML docs',2,'2',6),
('8-330-69586-6','The Shortest Book in the World','A Guide to how Detroit will win the World Series in 2001',9,'1',3),
('9-333-44441-1','My Love''s at Long Last Lost his Lingering','Volume 5 of 4',1,'1',4),
('9-337-55467-3','How to add Class to your Programming','How to write programs in VB instead of C',3,'3',10),
('9-400-55555-2','Master C++ Through The Classic Comics','GeekMan triumphs over C++ program infected with Kryptonite virus',2,'1',6),
('9-444-43356-3','A language without Pointers? Priceless.','For Everything Else, there''s C++',3,'1',13),
('9-455-61223-3','JAVA: It''s more than Just a Programming Language','Achieve enlightenment through the mystery of the Swing package',3,'1',7)
ON CONFLICT DO NOTHING;

INSERT INTO bookauthor (isbn, author_id, primary_author) VALUES
('1-111-11111-4',9,'Y'),
('1-222-32443-7',5,'N'),
('1-222-32443-7',11,'N'),
('1-222-32443-7',12,'Y'),
('1-295-84547-1',7,'Y'),
('1-533-73363-8',2,'Y'),
('1-559-68777-1',7,'Y'),
('1-932-87447-6',8,'Y'),
('1-932-87447-6',15,'N'),
('2-089-77869-5',6,'Y'),
('2-089-77869-5',13,'N'),
('2-089-77869-5',14,'N'),
('2-122-29058-5',12,'Y'),
('2-221-11341-5',12,'Y'),
('3-444-95595-4',2,'Y'),
('3-445-43341-2',12,'Y'),
('3-445-58668-5',12,'Y'),
('4-344-22221-1',7,'Y'),
('4-668-39283-8',5,'Y'),
('5-538-55746-1',7,'Y'),
('6-449-68668-8',10,'Y'),
('7-999-14432-2',1,'N'),
('7-999-14432-2',17,'Y'),
('8-330-69586-6',14,'Y'),
('9-333-44441-1',7,'Y'),
('9-337-55467-3',19,'N'),
('9-337-55467-3',20,'Y'),
('9-400-55555-2',1,'N'),
('9-400-55555-2',17,'Y'),
('9-444-43356-3',25,'Y'),
('9-444-43356-3',27,'N'),
('9-455-61223-3',4,'Y')
ON CONFLICT DO NOTHING;

WITH inventory_seed (inventory_id, isbn, ranks, purchased) AS (
    VALUES
    (1000000,'1-111-11111-4',1,false),
    (1000001,'1-111-11111-4',2,false),
    (1000002,'1-111-11111-4',3,false),
    (1000003,'1-222-32443-7',4,false),
    (1000004,'1-222-32443-7',5,false),
    (1000005,'1-222-32443-7',6,false),
    (1000006,'1-222-32443-7',1,false),
    (1000007,'1-222-32443-7',2,false),
    (1000008,'1-295-84547-1',6,false),
    (1000009,'1-295-84547-1',6,false),
    (1000010,'1-295-84547-1',6,false),
    (1000011,'1-295-84547-1',3,false),
    (1000012,'1-295-84547-1',5,false),
    (1000013,'1-533-73363-8',6,false),
    (1000014,'1-533-73363-8',1,false),
    (1000015,'1-533-73363-8',6,false),
    (1000016,'1-559-68777-1',2,false),
    (1000017,'1-559-68777-1',6,false),
    (1000018,'1-559-68777-1',3,false),
    (1000019,'1-932-87447-6',6,false),
    (1000020,'1-932-87447-6',4,false),
    (1000021,'1-932-87447-6',6,false),
    (1000022,'2-089-77869-5',5,false),
    (1000023,'2-089-77869-5',6,false),
    (1000024,'2-089-77869-5',1,false),
    (1000025,'2-122-29058-5',2,false),
    (1000026,'2-122-29058-5',3,false),
    (1000027,'2-122-29058-5',4,false),
    (1000028,'2-221-11341-5',6,false),
    (1000029,'2-221-11341-5',6,false),
    (1000030,'2-221-11341-5',6,false),
    (1000031,'3-444-95595-4',5,false),
    (1000032,'3-444-95595-4',6,false),
    (1000033,'3-444-95595-4',1,false),
    (1000034,'3-445-43341-2',6,false),
    (1000035,'3-445-43341-2',2,false),
    (1000036,'3-445-43341-2',6,false),
    (1000037,'3-445-58668-5',6,false),
    (1000038,'3-445-58668-5',6,false),
    (1000039,'4-344-22221-1',3,false),
    (1000040,'4-344-22221-1',4,false),
    (1000041,'4-344-22221-1',5,false),
    (1000042,'4-344-22221-1',1,false),
    (1000043,'4-668-39283-8',6,false),
    (1000044,'4-668-39283-8',2,false),
    (1000045,'5-538-55746-1',3,false),
    (1000046,'5-538-55746-1',6,false),
    (1000047,'6-449-68668-8',6,false),
    (1000048,'6-449-68668-8',4,false),
    (1000049,'6-449-68668-8',6,false),
    (1000050,'7-999-14432-2',6,false),
    (1000051,'7-999-14432-2',5,false),
    (1000052,'8-330-69586-6',1,false),
    (1000053,'8-330-69586-6',6,false),
    (1000054,'8-330-69586-6',2,false),
    (1000055,'8-330-69586-6',6,false),
    (1000056,'8-330-69586-6',6,false),
    (1000057,'9-333-44441-1',3,false),
    (1000058,'9-333-44441-1',4,false),
    (1000059,'9-337-55467-3',6,false),
    (1000060,'9-400-55555-2',6,false),
    (1000061,'9-400-55555-2',6,false),
    (1000062,'9-400-55555-2',5,false),
    (1000063,'9-444-43356-3',1,false),
    (1000064,'9-455-61223-3',6,false)
)
INSERT INTO inventory (inventory_id, isbn, ranks, purchased)
SELECT inventory_id, isbn, ranks, purchased
FROM inventory_seed
ON CONFLICT DO NOTHING;

WITH review_seed (id, isbn, reviewer_id, rating, comments) AS (
    VALUES
    (1,'1-111-11111-4',19,10,'Hold on to your hats, gang! If you think a cookbook or the yellow pages is exciting reading, you gotta read Professor Spada''s remarkable treatise on enriching you personal relationships through your knowledge of ORACLE 8.1.6. In an easy-to-read fashion, s'),
    (2,'1-295-84547-1',27,10,'This is one of the most outstanding books ever written. Five thumbs up. Five stars. A must-read for everyone.'),
    (3,'1-533-73363-8',20,4,'A rather boring autobiography of a northern Ohio native who migrates to Rochester New York where he becomes a professor of Information Technology at RIT. Other than the chapters devoted to the Cleveland Indians (chapters 1, 2, 3, 6, 10, 11, 12, 13), The C'),
    (4,'1-559-68777-1',2,8,'A wonderful romance novel about Matt, a successful editor for the New York Times, who resigns and retreats to a Dude Ranch in New Mexico to find himself.  Matt meets Margaret, a person with cowgirl charm in touch with his masculine self. Matt falls in lov'),
    (5,'1-559-68777-1',19,9,'A wonderful romance novel about Margaret, a successful editor for the New York Times, who resigns and retreats to a Dude Ranch in New Mexico to find herself.  Margaret meets Matt, a person with tough cowboy swagger in touch with his feminine self. Margare'),
    (6,'2-089-77869-5',5,5,'Definitely don''t buy this book if you are a Giants fan.  Two Giants fans tried this technique at the Giants game several weeks ago and they aren''t back yet.'),
    (7,'2-089-77869-5',13,8,'For any networking buff/Bills fan, Dr. Lutz'' treatise on the use of spanning trees to exit a Buffalo Bills game is a must. It is difficult to slog through in spots, but he shows you that by applying his minimalization technique you can get back to Rochest'),
    (8,'2-089-77869-5',15,6,'Don''t buy this book unless your are  Bills fan.  Fans of any other team will find their departure time from a Bills game actually triples when the technique is applied. In fact, it probably accounts for why Dr. Lutz (and any other Bills fan who applies it'),
    (9,'2-122-29058-5',6,7,'Professor Hartpence shows you how to carry 500 miles of fiber in your wallet.  Warning to the unwary: don''t buy this book unless you have deep pockets.'),
    (10,'2-122-29058-5',13,8,'Watch out Jim Carey .. this non-cable guy may leave you out of work. In his book, Professor Hartpence combines his cellular and networking skills with his experience in both the military and the commercial world and the practice of Zen to show you how to'),
    (11,'3-444-95595-4',3,4,'U lose if you ever bother to read this book.'),
    (12,'3-445-58668-5',6,7,'This book is a follow-up to Professor Hartpence''s book on how to carry 500 miles of fiber in your wallet.'),
    (13,'4-344-22221-1',24,7,'A wonderful romance novel about Nelson, a successful editor for the New York Times, who resigns and retreats to a Dude Ranch in New Mexico to find himself.  Nelson meets Laura, a person with cowgirl charm in touch with his masculine self. Nelson falls in'),
    (14,'4-668-39283-8',6,6,'A sometimes boring autobiography of a Texan transplanted to Rochester New York where he becomes a professor of Information Technology at RIT. Other than the chapters devoted to the Dallas Cowboys (chapters 1, 2, 3, 6, 10, 11, 12, 13), The Presidential ele'),
    (15,'5-538-55746-1',15,9,'A wonderful romance novel about Laura, a successful editor for the New York Times, who resigns and retreats to a Dude Ranch in New Mexico to find herself.  Laura meets Nelson, a person with tough cowboy swagger in touch with his feminine self. Laura falls'),
    (16,'6-449-68668-8',20,7,'The funny, often racy, autobiography of Daryl Johnson and his escapades to and from RIT. The book is largely about the excitement of commuting from the west side to RIT every day and how much fun it can be. A great book for those who live on the west side'),
    (17,'6-449-68668-8',26,10,'An absolutely outstanding autobiography of a Saint John Fisher Graduate and how he has adapted to his 20 minute ride (mostly on 490) to RIT every morning and his 20 ride (mostly on 490) home from RIT every night. The author uses thirteen chapters to vibra'),
    (18,'8-330-69586-6',5,10,'Geez .. no pages, no paragraphs, no words .. not even an illustration. But he did dedicate the book to Tony Clark. Says something for the fervor of this Detroit Tigers fan.'),
    (19,'8-330-69586-6',15,10,'Very accurate analysis of a problem that is not NP complete.'),
    (20,'9-333-44441-1',24,7,'Throwing the usual themes and twists of a romance novel to the winds, the author tells the store of Laura, a successful Dude Ranch owner in New Mexico, who resigns and moves to New York to seek her fortune as an editor for the New York Times. Laura meets'),
    (21,'9-337-55467-3',25,9,'These authors know their way around a coding pad, let me tell you! In clear, bell-shaped tones, with succinct wording and pinpoint accuracy, they nail this subject matter to the wall. Do you like inheritance? How about information hiding? Maybe you like e'),
    (22,'9-455-61223-3',13,9,'Professor Sonstein shows how oneness with the spiritual universe can be achieved by bringing the soul into rhytmn with the JAVA runtime machine. He shows that through various forms of self denial, such as writing code without pointers and heavy weight com')
)
INSERT INTO book_review (id, isbn, reviewer_id, rating, comments)
SELECT id, isbn, reviewer_id, rating, comments
FROM review_seed
ON CONFLICT DO NOTHING;

SELECT setval('users_user_id_seq', COALESCE((SELECT MAX(user_id) FROM users), 1000000), true);
SELECT setval('inventory_inventory_id_seq', COALESCE((SELECT MAX(inventory_id) FROM inventory), 1000000), true);
SELECT setval(pg_get_serial_sequence('book_review', 'id'), COALESCE((SELECT MAX(id) FROM book_review), 1), true);
SELECT setval('author_author_id_seq', COALESCE((SELECT MAX(author_id) FROM author), 1), true);
SELECT setval('reviewer_reviewer_id_seq', COALESCE((SELECT MAX(reviewer_id) FROM reviewer), 1), true);
SELECT setval('permrole_role_number_seq', COALESCE((SELECT MAX(role_number) FROM permrole), 1), true);
